waypointname,lat, long
ABAPO,520610N,0044812W
ABBOT,520058N,0003558E
ABDAL,512646N,0015148W
ABDUK,513834N,0034801W
ABEDA,521940N,0015216E
ABEVI,544227N,0024629W
ABGEP,532539N,0045140W
ABKAT,540853N,0015847W
ABKIM,505043N,0015858W
ABLIN,524658N,0045933W
ABSAV,503829N,0011029W
ABSUN,541732N,0061518W
ABTOS,531445N,0002536E
ABTUM,512604N,0012229E
ADASI,591315N,0061731W
ADCUB,505436N,0020000W
ADELU,532630N,0013213W
ADGEG,531343N,0021906E
ADKIK,504749N,0023245W
ADLOG,501925N,0004933W
ADMEX,522139N,0012745W
ADMIS,515949N,0001036E
ADN,571838N,0021602W
ADNAM,520617N,0004419E
ADODO,583000N,0100000W
ADRUD,491014N,0062655W
ADVAS,514053N,0012633E
ADVAT,450000N,0092811W
AGLIL,533442N,0032711W
AGORI,570000N,0130000W
AGPED,550719N,0015657W
AKIVO,595752N,0093000W
AKOKO,531416N,0031207E
AKUPA,522912N,0010528W
ALASO,552650N,0013354W
ALAVA,532343N,0035817W
ALESO,503432N,0011332E
ALOTI,575427N,0033630E
ALUTA,490019N,0072953W
ALVIN,513945N,0024042W
AMDUT,504028N,0004746E
AMHAG,513000N,0041801W
AMLAD,561552N,0100000W
AMLET,531607N,0015018W
AMMAN,515026N,0035954W
AMPIT,531139N,0031133W
AMPOP,493148N,0060903W
AMRAL,520653N,0025433W
AMTAP,582225N,0093000W
AMTOD,503216N,0012544W
AMVEL,531103N,0000155W
ANJAK,525350N,0025933W
ANNET,493905N,0040005W
APPLE,543000N,0023050W
APSOV,554923N,0100000W
ARKIL,503928N,0080000W
ARNUN,510326N,0005553E
ARPUB,533534N,0011428W
ARREK,513643N,0015007E
ARSAT,543206N,0014419W
ARTEX,565341N,0035738E
ARTHA,534659N,0021707W
ARTIX,532342N,0010209W
ASKAM,545747N,0031350E
ASLIB,544928N,0030339W
ASMIM,532646N,0023911W
ASNIP,532843N,0025426W
ASNUD,564139N,0030320W
ASRAX,513117N,0041643W
ASRUS,550321N,0032045W
ATNAK,570000N,0050000E
ATSAP,512716N,0013017E
ATSIX,600000N,0100000W
ATSUR,500000N,0140000W
ATWEL,505051N,0032502W
AVANT,504912N,0005618W
AVRAL,553034N,0034259E
BABAX,502511N,0034817W
BABGU,541639N,0051625W
BABRA,533739N,0035643W
BADGA,553749N,0023658E
BADIM,513838N,0023040W
BADSI,523930N,0044617W
BAGIT,531345N,0035918W
BAGSO,534048N,0053000W
BAKER,512942N,0001753E
BAKOX,533143N,0050933W
BAKUR,521430N,0054049W
BALID,562949N,0015707W
BALIX,590000N,0100000W
BAMEP,535242N,0021609W
BAMLI,540828N,0063904W
BAMRA,592600N,0035710W
BANBA,515710N,0061421W
BANEM,522008N,0013019E
BANTO,522128N,0001357W
BANVA,503242N,0004512E
BARKU,603618N,0092436W
BARMI,522842N,0023414E
BAROS,532422N,0032643W
BARTN,532814N,0022541W
BATLI,533845N,0012137W
BAVDO,541820N,0010925W
BAVUD,533108N,0045109W
BAZJO,505025N,0035345W
BCN,514332N,0031547W
BEBNI,545906N,0033514W
BEDEK,512215N,0013331W
BEDFO,521330N,0003348W
BEDRA,490000N,0150000W
BEGAM,540925N,0020715W
BEGAS,450000N,0090000W
BEGID,563000N,0140000W
BEGTO,504545N,0011408W
BEKET,585313N,0013120W
BEKMO,525910N,0023710E
BEL,543940N,0061348W
BELOX,535316N,0032923W
BEN,572841N,0072155W
BENBO,502705N,0000037E
BENSU,513444N,0005508W
BEREP,590209N,0014420E
BERUL,524016N,0033113W
BERUX,450000N,0110000W
BESGA,604723N,0075446W
BETAX,530033N,0005403W
BETPO,514754N,0004328W
BEVAM,554353N,0001503E
BEVUP,504800N,0021420W
BHD,502355N,0032937W
BIDVA,504339N,0005839W
BIFIN,520323N,0022719W
BIG,511951N,0000205E
BIGNO,500000N,0024930W
BILLY,600111N,0083408W
BILNI,504031N,0020733W
BILTO,563000N,0150000W
BILVO,534352N,0031109W
BIMGO,493000N,0140000W
BINBO,532406N,0032029E
BINTI,543345N,0015945W
BISRU,510418N,0002203E
BKY,515923N,0000343E
BLACA,545300N,0050932W
BLIXY,513730N,0015832E
BNN,514334N,0003259W
BODSO,530308N,0020541E
BOFUM,533214N,0053000W
BOGMI,505953N,0071217W
BOGNA,504207N,0001506W
BOLBI,532800N,0014845W
BOLRO,500000N,0014129W
BOMBO,515944N,0002347W
BONBY,575330N,0042036W
BOYNE,534602N,0053000W
BPK,514459N,0000624W
BRAIN,514840N,0003906E
BRASO,514107N,0004100E
BRIPO,504227N,0024500W
BRUCE,561411N,0055028W
BUDON,574207N,0003343W
BUGUP,515237N,0013700W
BUKUT,524530N,0024802E
BUMUX,504816N,0032058W
BURNI,534338N,0023104W
BUSTA,520534N,0000404E
BUZAD,515632N,0003308W
CALDA,534627N,0023838W
CAMBO,491730N,0055135W
CASEL,534952N,0041057W
CHASE,523648N,0015502W
CHINN,575751N,0041117W
CLN,515055N,0010851E
CLYDE,555748N,0044732W
COWJO,511324N,0034834W
COWLY,513658N,0010354W
CPT,512930N,0011311W
CREWE,524907N,0021827W
CROFT,533737N,0023220W
CUTEL,555309N,0022228E
DAGGA,514919N,0004739E
DAGKO,505138N,0035328W
DALEY,534008N,0022057W
DANDI,534104N,0035658W
DAUNT,552508N,0045247W
DAVOT,572042N,0040529W
DAWLY,503427N,0032750W
DAYNE,531419N,0020145W
DCS,544319N,0032026W
DEGOS,541121N,0065423W
DELBO,515237N,0011624W
DENBY,533113N,0015740W
DENOG,572553N,0014516W
DESIG,533138N,0015334W
DESNA,503700N,0004700W
DET,511814N,0003550E
DEVAL,505125N,0012800E
DEVBI,604254N,0084610W
DEVOM,504318N,0034519W
DEXEN,531649N,0053000W
DEZZU,513619N,0020000W
DIBAL,524750N,0023000E
DIDEL,505035N,0035950W
DIGBI,551106N,0010301W
DIGMA,533900N,0033724W
DIGSU,520126N,0003805E
DIGUT,513901N,0011759W
DIKAS,514637N,0031533W
DIKVU,511747N,0001902E
DIMLI,545647N,0063655W
DINIM,510000N,0150000W
DIPSO,530313N,0012039W
DISIT,520611N,0014241W
DISVO,503931N,0010257W
DITOB,521701N,0014927E
DIXIB,511412N,0005054W
DOBEM,515211N,0025545W
DOGAL,540000N,0150000W
DOKEK,512518N,0060329W
DOKEN,554055N,0020656E
DOLAS,525843N,0010003E
DOLOP,531251N,0033751W
DOLUR,492904N,0050326W
DOMUT,501543N,0014009W
DONAX,532911N,0035740W
DONIB,554309N,0074144W
DONNA,514200N,0004437W
DOPEK,532304N,0005532W
DORKI,511633N,0001552W
DOSUN,600703N,0062339W
DRAKE,501234N,0000434W
DTY,521049N,0010650W
DUCNO,515824N,0021852W
DUD,553332N,0043606W
DUFFY,543053N,0055139W
DUFZO,513017N,0042036W
DVR,510945N,0012133E
EBOTO,522133N,0004140W
EDONU,561736N,0033341W
EDUXO,532424N,0011301W
EKLAD,531514N,0024929W
EKNIV,512426N,0003731E
ELBOB,544358N,0074438W
ELDAX,502918N,0003930E
ELDER,503948N,0012014W
ELKOG,602648N,0093000W
ELMUD,550656N,0014024W
ELNAB,532211N,0011251E
ELNOD,532826N,0013524W
ELRAG,511028N,0050621W
ELRIP,503745N,0025924W
ELSAN,564219N,0034358E
ELSOX,510000N,0140000W
ELVOS,524201N,0011825W
EMBOR,525748N,0011745W
EMKAD,511450N,0004234E
EMKUK,515837N,0012115W
EMLON,531220N,0023000E
EMPER,490000N,0090000W
ENCOD,531959N,0002424W
ENDEQ,532644N,0053000W
ENIPI,550111N,0031510W
ENITO,524805N,0022803E
ENUKU,561400N,0033819W
EPOXI,531959N,0032718W
EPUNA,503000N,0140000W
ERAKA,580000N,0100000W
ERDOG,592003N,0012504W
ERDUV,535235N,0041008W
ERFAX,502630N,0035903W
ERGAB,540922N,0022312W
ERGUM,500725N,0014450W
ERING,513526N,0013643E
ERKEX,505241N,0011937E
ERKIT,540149N,0004949W
ERLOT,551714N,0003506W
ERNAN,541644N,0072334W
ERNOK,514130N,0025644W
ERSON,562748N,0041824W
ESKDO,551756N,0031215W
ESTRY,533952N,0031542W
ETARI,553000N,0150000W
ETIGA,540239N,0044727W
ETILO,573000N,0100000W
ETSOM,575331N,0093000W
ETVAX,505807N,0003556E
EVATA,510821N,0004558W
EVBEV,574710N,0074041W
EVEXU,504116N,0003441W
EVKAL,531547N,0002637W
EVMEK,514741N,0011218E
EVNAL,572431N,0093000W
EVNAS,514004N,0002638E
EVRIN,514656N,0063348W
EVSEM,514350N,0012745W
EVSON,532127N,0013949W
EVTES,510455N,0011257W
EXARO,510003N,0012250W
EXJET,505319N,0030532W
EXMOR,511043N,0032135W
FACTU,522103N,0021713W
FENIK,554255N,0041731W
FERIT,513759N,0003221E
FIGZI,515735N,0023614W
FINDO,562209N,0032749W
FINMA,515947N,0010313W
FITBO,521309N,0022413W
FONZU,504922N,0035359W
FORTY,575700N,0003545E
FOXLA,520157N,0041237W
FOYLE,560834N,0042256W
FRANE,512306N,0003739E
FYNER,560256N,0050655W
GAJIT,512040N,0020000W
GAKKA,504137N,0035542W
GAM,531653N,0005650W
GANKI,564548N,0025808W
GAPLI,500000N,0080000W
GARMI,500000N,0012250W
GARVA,574118N,0042941W
GASBA,515010N,0004853E
GASGU,511224N,0005736W
GASKO,541329N,0015721W
GATRA,511752N,0063755W
GAVEL,592300N,0012422W
GAVGO,513350N,0014236W
GELPO,483839N,0093009W
GETNO,535548N,0032947W
GIBSO,504459N,0023107W
GIBSU,564547N,0031610E
GIGTO,533801N,0040551W
GIGUL,543626N,0031010E
GILDA,513606N,0003501E
GILTI,513413N,0020318E
GINGA,565530N,0093000W
GINIS,532739N,0045129W
GIPER,510000N,0120000W
GIPLO,533131N,0004723W
GIRLI,544241N,0014811W
GIRVA,551108N,0045347W
GISOK,513009N,0050728W
GITUS,502000N,0054200W
GIVEM,552754N,0001453E
GIVPO,531710N,0025209E
GIVUN,504358N,0004803W
GLESK,565400N,0024745W
GLO,552324N,0034412W
GOBNU,512053N,0010625W
GODLU,510958N,0011704E
GODOS,531457N,0032547E
GODPA,525900N,0031001W
GOGIG,515330N,0031502W
GOGSI,511727N,0010002W
GOKTU,501505N,0012245W
GOLES,533629N,0010500W
GOLVO,542441N,0033508E
GOMOT,555510N,0003239W
GOMUP,570000N,0100000W
GONAN,450000N,0140000W
GOREV,560312N,0050000E
GOSAM,554719N,0041202W
GOTNA,543541N,0053553W
GOW,555214N,0042645W
GOXUL,512132N,0001033W
GRICE,561148N,0034108W
GROVE,522338N,0015544W
GUNPA,610000N,0000000E
GUNSO,490310N,0114606W
GUNTU,533537N,0030954W
GUSSI,571247N,0040727W
GWC,505119N,0004524W
HALIF,534406N,0013450W
HANKY,510646N,0010751W
HARDY,502816N,0002928E
HASTY,504342N,0003200E
HAVEN,552740N,0025947W
HAWKE,502227N,0000525E
HAZEL,510019N,0005904W
HEMEL,514820N,0002510W
HERON,552035N,0050000W
HICAP,510516N,0035024W
HILLY,512006N,0001437E
HOFIK,512605N,0020000W
HOLLY,505312N,0000542W
HON,522124N,0013949W
HOTBE,504749N,0035419W
IBGON,510047N,0004758W
IBNID,503144N,0014708W
IBOLU,562310N,0030803W
IBRAR,533154N,0034111W
IBROD,563000N,0100000W
IBTES,542625N,0050315W
IDESI,515352N,0015308E
IDEXA,532814N,0050951W
IDGAS,541423N,0043329W
IDITU,513225N,0005837E
IDKOL,540543N,0015945W
IDOKI,495137N,0061139W
IDOVO,521326N,0033304W
ILZAP,513543N,0051135W
IMVUR,511029N,0003156W
INBAS,564200N,0041459W
INBOB,553625N,0050000E
INDOX,511840N,0010114W
INGUR,514242N,0025137W
INKEK,503853N,0003209W
INKOB,535216N,0042414W
INLAK,512841N,0013127W
INLIM,515423N,0011913E
INPIP,545236N,0025346W
INPUT,551818N,0043905E
INREV,550857N,0030539W
INRUB,514910N,0035141W
INSUN,502343N,0061924W
IOM,540401N,0044549W
IPDOR,552239N,0031545W
IPKUS,513152N,0002319E
IPNOX,541340N,0024222W
IPRIL,514029N,0001335W
IPSAD,552145N,0024114W
IPSET,543106N,0052709W
IPSIR,540454N,0015657W
IPZOL,505427N,0031340W
IRKUM,525948N,0052239W
IRKUN,505516N,0012800E
ITJON,512832N,0025908W
ITSUX,560300N,0033000E
ITVIP,511714N,0010312E
IVLOD,530746N,0030919W
IXURA,520405N,0012540W
JACKO,514409N,0012536E
JOZMA,503738N,0035635W
JSY,491316N,0020246W
KAPEX,504030N,0015100W
KARMO,525340N,0025354W
KATHY,503114N,0012000W
KEGUN,531133N,0030901W
KELLY,535419N,0042151W
KEMPY,520739N,0003846E
KENET,513114N,0012718W
KEPAD,524835N,0022844W
KESEG,600058N,0060056W
KESIX,565700N,0140000W
KESUP,511932N,0033917W
KIDLI,514617N,0012141W
KILFA,514209N,0015759W
KLONN,582324N,0024944E
KOBBI,514114N,0000918W
KOFAL,502831N,0035836W
KOGAD,493000N,0150000W
KOKAL,585735N,0025338W
KOKIB,543000N,0140000W
KOLAG,530237N,0031518E
KOLID,533426N,0024520W
KONAN,510751N,0020000E
KOPUL,513232N,0010814E
KOTEM,500000N,0010314W
KOXOD,504229N,0031958W
KUBAX,525634N,0025713E
KUGUR,553000N,0100000W
KUKIS,514156N,0030437W
KUMIL,503431N,0013639W
KUNAV,503054N,0010356E
KUVOX,580459N,0073624W
KUXEM,531511N,0024047W
LAGAV,565335N,0041210W
LAKEY,541420N,0025852W
LAM,513846N,0000906E
LAMAT,511807N,0030103W
LAMIX,531829N,0004056W
LAMMA,555130N,0024603W
LAMRO,570151N,0033309E
LAMSO,524358N,0025940E
LANAK,554201N,0035619W
LANON,522552N,0042221W
LANPI,521115N,0052330W
LANVA,534348N,0042638W
LAPRA,520707N,0011236E
LARCK,505442N,0002648E
LARDI,533616N,0033057E
LARGA,545150N,0040912E
LARLA,492241N,0070715W
LASNO,483554N,0090000W
LATMU,531525N,0020522E
LAVRI,511549N,0003449E
LAZTU,514216N,0045200W
LEDBO,523235N,0020608E
LEDGO,511424N,0073405W
LEGRO,531935N,0013046E
LELDO,534300N,0040507W
LELNA,495857N,0020623W
LEMGU,522422N,0052236W
LESLU,510000N,0080000W
LESNI,573233N,0011622W
LESRA,552308N,0050000E
LESTA,524427N,0010419W
LIBBA,554326N,0034443W
LIBSO,533129N,0000536E
LIFFY,532848N,0053000W
LIMKA,543026N,0051311W
LINDY,512814N,0010257W
LIPGO,530350N,0053000W
LISBO,543130N,0060524W
LISTO,530836N,0021157W
LIVSU,514149N,0005058E
LIZAD,493525N,0041949W
LND,500811N,0053813W
LOFFO,515012N,0003556E
LOGAN,514451N,0013643E
LOMON,560346N,0043448W
LOMVO,531616N,0051046W
LON,512914N,0002800W
LONAM,535022N,0035633E
LOREL,520050N,0000310W
LORKU,495618N,0022216W
LOVEL,531506N,0021628W
LUCCO,552049N,0043341W
LUFTU,515139N,0035501W
LUGIS,500000N,0005220W
LULOX,502200N,0080000W
LUSEN,603000N,0100000W
LUSIV,554002N,0041441W
LUSOD,535623N,0041926W
LUTIP,531522N,0044416W
LUTOV,551422N,0100000W
LUXIV,510511N,0004657W
LUXTO,520831N,0020338W
LYD,505959N,0005243E
LYNAS,532633N,0042000W
MABUG,494705N,0055612W
MAC,552548N,0053901W
MADAD,555447N,0014402W
MAGEE,544730N,0053630W
MAKUX,535830N,0045228W
MALBY,513533N,0020342W
MALUD,532448N,0033630W
MAMUL,532505N,0011648W
MANGO,514134N,0004726E
MANIG,494707N,0031534W
MARUK,501447N,0020420W
MASOP,540921N,0042115W
MATCH,514645N,0001500E
MATIK,610000N,0080400W
MATUT,541017N,0043822W
MAVET,540257N,0033104W
MAXIT,511459N,0003343W
MAY,510102N,0000658E
MAYLA,513741N,0004312E
MCT,532125N,0021544W
MEDOG,515701N,0033258W
MEGEL,522058N,0020425E
MERLY,512000N,0050000W
MID,510314N,0003730W
MIMBI,513257N,0014136W
MIMFO,511358N,0002930E
MIMKU,560000N,0100000W
MIMVA,530603N,0031813E
MIPVO,521329N,0013609E
MIRSI,533217N,0024242W
MITSO,533907N,0005338W
MIVLA,504630N,0011558W
MOCHA,593256N,0012159W
MODGO,602643N,0073955W
MODMI,511401N,0002910W
MOGLI,521830N,0001609W
MOGLO,553000N,0140000W
MOGMO,532443N,0011251W
MOGTA,531008N,0023810W
MOKBU,511610N,0012914E
MOLAK,543649N,0093023W
MOLIX,524919N,0030407E
MONTY,525334N,0031026W
MOPAT,512955N,0070537W
MORAG,524510N,0053000W
MOSIS,490026N,0071253W
MOSUN,515338N,0022610W
MOTOX,505728N,0012800E
MOVEN,520343N,0014847W
MULIT,510047N,0032319W
NAKID,494254N,0043723W
NALAN,610000N,0060000W
NALAX,532900N,0002406E
NANEV,573429N,0022714W
NANTI,530815N,0023401W
NANUM,520135N,0013747W
NAPEX,531223N,0005140W
NATEB,550218N,0014154W
NATKO,532712N,0043807W
NAVEL,553513N,0005031E
NAVOV,514831N,0031525W
NAVPI,523250N,0025026E
NAVSO,551322N,0034849W
NAXAT,514721N,0015756W
NAXIL,565724N,0024326W
NEDEX,515237N,0012820W
NEDUL,503958N,0013252W
NEKAP,514335N,0051726W
NELBO,542924N,0051810W
NELKO,504214N,0005718W
NELSA,535148N,0021105W
NENVO,524238N,0025315W
NEPNA,512958N,0002657E
NERTU,490000N,0140000W
NESDI,570718N,0040848W
NETKI,550000N,0140000W
NETVU,502445N,0002854E
NEVIL,500000N,0002206W
NEVIS,564143N,0043241W
NEVRI,540406N,0061611W
NEW,550218N,0014154W
NEXUS,561243N,0015041W
NEXXU,513248N,0044338W
NEZZA,512352N,0031916W
NIBDA,510052N,0005501W
NIBOG,550000N,0100000W
NIDGO,505658N,0004608W
NIGIT,511847N,0011015W
NILAV,450000N,0132500W
NILGI,524835N,0031050W
NILON,513546N,0003804E
NIMAT,535754N,0054432W
NINEB,540344N,0040742W
NINEX,585120N,0093000W
NIPIT,542709N,0082410W
NISBI,532129N,0003921W
NISKA,541500N,0023033W
NITON,523312N,0031201W
NIVKO,505606N,0003228E
NIVUN,573412N,0040813E
NOBDO,550453N,0024748E
NOCAD,535837N,0045913W
NOKIN,530436N,0025258W
NOMSU,532806N,0032604W
NONVA,513846N,0012144E
NOPKI,540516N,0042608W
NORBO,553545N,0044543W
NORLA,513709N,0065211W
NORRY,512847N,0010724W
NOSLO,532254N,0033842W
NOTGI,503510N,0002503W
NOTRO,502612N,0031021W
NOVBA,561200N,0031051W
NOVMA,510212N,0004515W
NUBRI,512017N,0011356W
NUDNA,520355N,0005017E
NUGBO,515822N,0000412W
NUGRA,530146N,0021814W
NULGU,505217N,0015939W
NUMPI,540840N,0053536W
NUMPO,513636N,0031701W
OBOXA,541036N,0015420W
OBUBA,574640N,0073319W
OBUNI,535440N,0024433W
OCK,511818N,0002650W
ODADA,505456N,0052634W
ODIGI,551144N,0032539W
ODMIX,565812N,0012803E
ODMOS,544526N,0030252E
ODNEK,533437N,0001813W
ODPEX,592436N,0093000W
ODREP,500000N,0013007W
ODROB,513915N,0015445E
ODUKU,513532N,0001715E
ODVIK,510957N,0002909E
ODVOD,520756N,0000853E
OGAGI,492722N,0050157W
OGTUG,534012N,0050850W
OKESI,512636N,0020342W
OKNOB,552145N,0044942W
OKPAL,564921N,0020435W
OKTAD,514904N,0023246W
OKTEM,524310N,0031115W
OKVAP,505749N,0011956E
OLGUD,504356N,0013122W
OLNEY,520740N,0004403W
OLPOP,540532N,0023208W
OMOKO,485020N,0120000W
ORIST,500000N,0015042W
ORSUM,570307N,0051741W
ORTAC,495957N,0020018W
ORTAV,593000N,0100000W
ORVIK,593818N,0004009E
ORVUL,551039N,0041007W
ORVUX,503153N,0035107W
OSBON,610000N,0050000W
OSBOX,564823N,0124806W
OSDEB,505655N,0002448E
OSGIL,513520N,0050745W
OSKOT,522030N,0020330W
OSLEL,572858N,0013158W
OSMAP,495211N,0054229W
OSMEG,550826N,0040603W
OSNUG,505336N,0020014W
OSPOL,500900N,0001108W
OTBED,531717N,0000155E
OTBUN,551650N,0022600W
OTMET,504055N,0023053W
OTR,534154N,0000613W
OTSID,511023N,0001351W
OVDAN,575321N,0001818E
OXLOW,510155N,0020000W
PAAVO,515149N,0005116E
PAVLO,505605N,0055344W
PEDIG,524448N,0014310W
PELET,543912N,0032552E
PEMAK,492656N,0061305W
PEMOB,520838N,0050941W
PEMOS,610000N,0040000W
PENIL,533657N,0033949W
PENUN,570636N,0045011E
PENUX,510632N,0003412E
PEPEG,540106N,0043105W
PEPIN,595931N,0000054E
PEPIS,511148N,0011437W
PEPOD,541616N,0053409W
PEPUL,521603N,0015314W
PERUP,514234N,0025632W
PETIL,555620N,0050000E
PETOX,573333N,0014902W
PHILI,492831N,0070117W
PIBUX,513459N,0014657E
PIGOT,522943N,0010407W
PIKIL,560000N,0150000W
PIKOD,492438N,0051559W
PILIP,502003N,0010026W
PIPAR,560700N,0031206W
PIPEM,580923N,0034419W
PIPIN,523636N,0005630W
PIXAM,520447N,0015650E
PIXUP,520151N,0010640W
PLYMO,502045N,0043737W
POL,534438N,0020612W
POMAX,513138N,0020452W
POTON,520504N,0002538W
PTH,562633N,0032207W
PUFAX,521852N,0012042W
PUPJO,513059N,0020000W
RAMID,525728N,0023000E
RAMOX,533937N,0045022W
RAPIX,512638N,0020000E
RAPUM,545518N,0015258W
RATKA,493000N,0080000W
RATLO,515929N,0014055E
RATPU,565532N,0020659W
RATSU,610000N,0100000W
RAVDI,592957N,0012242W
RAVLO,525501N,0030854E
REDFA,520653N,0022917E
REGSI,525119N,0000151E
REKNA,561029N,0033000E
REMSI,535737N,0034932W
RESNO,550000N,0150000W
RETSI,523042N,0025233W
REXAM,530400N,0030937W
RIBEL,540058N,0021723W
RIGDI,501615N,0055929W
RIGVU,584736N,0020918E
RILES,515655N,0025522W
RIMOL,573233N,0040230W
RIMTO,534303N,0012559W
RIMUP,505149N,0004339W
RIMVU,534511N,0050825W
RINGA,542354N,0053416W
RINIS,515430N,0021921E
RINTI,510158N,0013656E
RIPNO,545632N,0034415W
RISDU,573631N,0014824W
RISIN,514139N,0012628W
RISLA,530151N,0025312W
RITSI,554209N,0013926W
RIVOT,562429N,0004637E
RIXUN,610000N,0030000W
ROBBO,555323N,0045437W
ROBEM,552733N,0010114W
ROBOP,542709N,0052005W
ROBVA,524804N,0025334W
RODEL,503000N,0150000W
RODOL,531417N,0015143W
RODSI,544756N,0025335E
ROGAG,531406N,0001745W
ROGBI,521747N,0012006W
ROKAN,533948N,0031120E
ROKKE,510412N,0000242E
ROKSI,503013N,0021251W
ROKUP,530102N,0013057W
ROLEX,532542N,0035804W
ROLUM,541820N,0031831E
ROPAL,550817N,0035643E
ROPMU,520614N,0002917E
ROSUN,534008N,0022057W
ROTEV,540144N,0060358W
ROTNO,505126N,0004641E
ROVNI,535313N,0003901E
ROXAT,532449N,0030000E
ROXOG,501558N,0013344W
RUBEX,551912N,0065607W
RUBMI,501646N,0021943W
RUDMO,504640N,0010127W
RUGER,532858N,0032652W
RUGID,572209N,0045355W
RULAV,532614N,0051001W
RUXIN,561655N,0120000W
SAB,555427N,0021223W
SABER,514214N,0005658E
SALCO,494414N,0033146W
SAM,505719N,0012042W
SAMON,511921N,0072504W
SANBA,530822N,0022003W
SANDY,510351N,0010403E
SAPCO,523225N,0012125W
SEMMU,524641N,0040222W
SETEL,540045N,0022609W
SFD,504538N,0000719E
SHAPP,543000N,0023738W
SIDDI,503107N,0035802W
SILVA,515051N,0010019W
SIREN,513415N,0015229W
SIRGO,513746N,0003847E
SITET,500600N,0000000E
SITKU,534436N,0044954W
SIVBU,532755N,0003444W
SIVDA,522122N,0000147E
SKERY,500000N,0031023W
SKESO,494929N,0030203W
SKINA,524817N,0014623W
SLANY,520931N,0055032W
SLYDA,541204N,0050515W
SMOKI,574637N,0023556W
SOBDO,500426N,0070700W
SOKDU,503939N,0020133W
SOMAX,500000N,0150000W
SOMVA,521826N,0023838E
SONDO,520506N,0014842E
SONEX,532953N,0021021W
SONOG,520620N,0021610E
SOPAX,533849N,0042708W
SOPEK,530632N,0023000E
SOPIT,515730N,0010626W
SOPTO,551820N,0050000E
SOPTU,503554N,0040918W
SOSAR,610000N,0020000W
SOSIM,534856N,0043030W
SOTUN,541036N,0033737E
SOVAT,504646N,0012800E
SOVED,560000N,0140000W
SOXON,585806N,0035222W
SOXUX,503546N,0005545E
SPEAR,513434N,0004201E
STAFA,525141N,0021435W
STIRA,560802N,0035001W
STN,581225N,0061059W
STOAT,520133N,0000115W
STU,515941N,0050225W
SUBIP,502644N,0005306E
SUBUK,542248N,0031711W
SUDBY,551745N,0041606W
SUM,595243N,0011711W
SUMIN,551946N,0040318W
SUMUM,513814N,0020628E
SUNFI,505802N,0035202W
SUNOT,570000N,0150000W
SUNUP,512731N,0015227E
SUPAP,492602N,0054922W
SUPEL,531340N,0003528E
SUPIT,571957N,0070506W
SURAT,555456N,0033000E
SUSIS,553617N,0002102W
SWANY,513334N,0040748W
TABEN,512149N,0011022W
TABIS,520032N,0002644E
TADAL,533514N,0030135W
TADEX,545124N,0081401W
TAKAS,490000N,0080000W
TALGA,515730N,0031444W
TALIG,493059N,0054804W
TAMEL,484343N,0102950W
TANET,512658N,0005532E
TARTN,554302N,0030819W
TEBRA,512920N,0013643E
TEDSA,520303N,0010739E
TELBA,523952N,0021907W
TELTU,504840N,0004518W
TENDO,540144N,0001447E
TENSO,533602N,0021227W
TERKO,513732N,0004448E
TESDO,500726N,0070700W
TEVMO,511025N,0012459E
TEVSI,512101N,0010301W
THRED,502955N,0013950W
TIBGA,522326N,0052705W
TIGER,510402N,0002622E
TIGGY,503701N,0005130W
TILNI,543251N,0015118W
TIMBA,505644N,0001542E
TIMIS,535701N,0043556W
TIMPO,523332N,0010950W
TINAC,561503N,0050000E
TINAN,504000N,0032654W
TINDI,540214N,0031529E
TIPAN,543554N,0042356E
TIPIL,531000N,0014423W
TIPOD,532608N,0031705W
TIPTA,544813N,0013641W
TIR,562936N,0065232W
TIVER,504833N,0032526W
TIXEX,520748N,0010043W
TLA,552957N,0032110W
TNT,530314N,0014012W
TOBID,521300N,0012759W
TOBIX,513617N,0011651E
TOBMO,564538N,0062811W
TOFED,511736N,0021549W
TOLSA,530737N,0030629E
TOPPA,532409N,0033341E
TOPRO,515442N,0031457W
TORGO,530757N,0031559W
TOSVA,514037N,0020426E
TOTRI,514630N,0001148E
TOVGU,514403N,0004538E
TOXTA,551506N,0042705W
TRIPO,514247N,0010458E
TRN,551848N,0044702W
TUBSU,520406N,0014028W
TUFOZ,510101N,0003024W
TUGPO,513710N,0005452E
TULTA,483437N,0080000W
TUMTI,530440N,0013615W
TUNBY,511008N,0001929E
TUNSO,550640N,0045741W
TUPEM,535017N,0032855W
TURLU,500435N,0080000W
TUXOS,555824N,0073135W
TUZLA,522041N,0010012E
UGBET,513701N,0000705W
UGBUD,514714N,0033910W
UGNUS,514232N,0020823W
ULLAP,575400N,0051009W
ULSAX,533554N,0015700W
ULTIB,513936N,0001644W
UMBAG,522052N,0004657E
UMBUR,512733N,0000708E
UMKIL,531106N,0023723W
UMLAT,514020N,0004139W
UMLUX,522237N,0020019W
UMOLO,520803N,0031357W
UMTUM,511227N,0010103E
UNBIG,514427N,0033502W
UNDUG,504724N,0002530E
UNDUX,533830N,0041839W
UNGAP,522129N,0012339W
UNIGO,533340N,0013339W
UNPUP,503224N,0043430W
UNSAD,513340N,0005746E
UNTAL,545435N,0014423W
UNURO,552111N,0032102W
UPDUK,523427N,0005630W
UPGAS,551441N,0050000E
UPGET,563935N,0020050W
UPTON,533513N,0011803W
USEKA,534202N,0002645W
UTAVA,515847N,0000419W
UTOGU,550740N,0030443W
UTUXA,530030N,0021313W
UVAVU,542500N,0015346W
UVPOK,535940N,0041235W
VABIK,511447N,0020000E
VABKA,531808N,0024410W
VADNO,572711N,0033738W
VAKPO,541125N,0052239W
VALBO,550743N,0050000E
VAMEB,540010N,0024832W
VAPID,511514N,0010242W
VAPPI,553139N,0034543W
VASUX,503009N,0011517W
VATON,512604N,0002056W
VATRY,523316N,0053000W
VAXIT,563215N,0050000E
VEGAR,530234N,0015823W
VEGUS,532401N,0002111W
VELAG,522436N,0010050W
VENAS,541820N,0033908E
VENER,543000N,0150000W
VEXEN,500822N,0014934W
VEXUB,511409N,0003646W
VIDOK,522439N,0020231W
VOLFI,532035N,0032151W
VOUGA,510333N,0005750W
WAFFU,503457N,0002059E
WAL,532331N,0030804W
WEALD,511951N,0000205E
WELIN,521450N,0005108W
WESUL,514015N,0002909E
WIK,582732N,0030601W
WILLO,505906N,0001130W
WIZAD,510700N,0005711E
WOBUN,520110N,0004400W
WOD,512710N,0005244W
WOTAN,513726N,0022006W
XAMAB,501216N,0001553E
XAMAN,514705N,0021327E
XAPOS,531729N,0013751W
XAVAP,491402N,0060835W
XIDIL,502106N,0003829E
YOHDA,521203N,0012736W
ZEDDO,513142N,0043335W
ZOPHI,510127N,0000055W
